-BEGIN HEADER-,,,,,,,,,,,,,,
NASA/POWER CERES/MERRA2 Native Resolution Monthly and Annual ,,,,,,,,,,,,,,
Dates (month/day/year): 01/01/1981 through 12/31/2021 ,,,,,,,,,,,,,,
Location: Latitude  30.6509   Longitude 70.0185 ,,,,,,,,,,,,,,
Elevation from MERRA-2: Average for 0.5 x 0.625 degree lat/lon region = 1091.94 meters,,,,,,,,,,,,,,
The value for missing source data that cannot be computed or is outside of the sources availability range: -999 ,,,,,,,,,,,,,,
Parameter(s): ,,,,,,,,,,,,,,
T2M                 MERRA-2 Temperature at 2 Meters (C) ,,,,,,,,,,,,,,
T2M_MAX             MERRA-2 Temperature at 2 Meters Maximum (C) ,,,,,,,,,,,,,,
T2M_MIN             MERRA-2 Temperature at 2 Meters Minimum (C) ,,,,,,,,,,,,,,
T2M_RANGE           MERRA-2 Temperature at 2 Meters Range (C) ,,,,,,,,,,,,,,
PRECTOTCORR         MERRA-2 Precipitation Corrected (mm/day) ,,,,,,,,,,,,,,
PRECTOTCORR_SUM     MERRA-2 Precipitation Corrected Sum (mm) ,,,,,,,,,,,,,,
-END HEADER-,,,,,,,,,,,,,,
PARAMETER,YEAR,JAN,FEB,MAR,APR,MAY,JUN,JUL,AUG,SEP,OCT,NOV,DEC,ANN
T2M,1981,8.52,11.6,16.02,24.82,28.96,32.71,30.12,28.56,27.81,20.98,15.07,10.9,21.38
T2M,1982,8.44,8.18,12.49,20.42,23.71,30.69,32.25,28.61,26.82,21.97,15.07,8.94,
T2M,1983,7.77,10.08,14.66,19.33,27.91,32.3,30.44,29.27,27.27,20.66,15.53,9.44,
T2M,1984,7.05,8.56,19.83,23.72,30.73,33.43,30.13,28.01,24.12,19.26,15.28,9.83,
T2M,1985,8.7,13.7,19.51,23.24,28.8,32.62,30.26,29.79,28.15,20.87,15.94,10.62,
T2M,1986,7.83,10.43,14.9,23.26,28.32,32.48,31.38,29.4,27.38,22.24,16.08,9.4,
T2M,1987,10.19,12.44,16.58,23.48,25.77,31.98,32.74,30.41,28.95,22.23,17.2,12.29,
T2M,1988,10.77,12.76,16.28,25.3,31.2,33.23,31.68,30.38,28.4,22.14,16.22,11.84,
T2M,1989,7.97,10.16,15.64,20.88,27.8,31.76,30.01,29.76,26.95,22.17,15.94,10.33,
T2M,1990,10.46,10.8,15.82,22.11,30.33,32.31,32.5,29.31,28.48,21.37,16.36,10.3,
T2M,1991,9,10.01,17.19,21.98,28.3,32.79,34.07,30.93,27.38,20.39,15.12,11.97,
T2M,1992,9.22,10.66,14.76,19.89,26.75,32.13,29.6,27.55,24.4,20.42,15.76,12.51,
T2M,1993,7.73,14.15,15.01,23.74,29.94,30.98,29.3,30.56,27.01,21.18,17.25,12.5,
T2M,1994,9.79,10.36,18.38,20.7,29.08,33.05,30.31,30.34,24.43,20.78,17.39,10.93,
T2M,1995,8.57,11.74,14.73,20.65,28.17,32.54,31.52,30.1,27.2,21.94,15.73,10.22,
T2M,1996,8.58,12.27,17.48,23.45,26.97,31.1,31.26,30.57,28.4,21.19,14.76,11.15,
T2M,1997,8.95,11.77,15.5,20.97,25.76,30.82,32.63,30.73,28.16,19.04,13.76,8.61,
T2M,1998,8.49,11.2,16,25.06,29.19,29.74,31.76,31.58,27.71,22.31,16.41,14.87,
T2M,1999,9.23,11.52,17.16,25.19,29.27,32.62,32.28,30.33,28.8,22.82,16.86,12.76,
T2M,2000,9.96,9.72,16.13,26.19,32.52,32.3,30.94,31.4,28.38,23.49,15.73,12.49,
T2M,2001,8.86,12.36,17.64,23.66,31.85,31.91,31.05,30.94,26.47,23.07,16.81,12.85,
T2M,2002,10.02,11.19,18.14,24.71,31.17,32.54,33.03,31.16,27.04,22.24,16.01,11.77,
T2M,2003,10.39,11.99,17.2,24.55,27.7,33.16,30.16,29.89,27.38,21.65,14.85,10.97,
T2M,2004,9.65,13.7,21.22,25.76,29.88,31.78,32.77,29.98,27.55,19.99,16.9,11.89,
T2M,2005,7.62,9.32,16.43,22.1,26.36,32.43,31.52,30.89,27.44,22.26,15.42,11.01,
T2M,2006,9.08,16.38,16.53,24.08,32.05,31.09,32.1,29.3,27.05,23.45,15.25,9.53,
T2M,2007,9.28,11.84,15.61,26.23,29.54,31.56,29.99,30.76,27.56,21.27,17.18,9.94,
T2M,2008,6.44,10.62,19.97,22.81,29.74,32.2,30.88,29.85,26.73,22.93,16.46,12.13,
T2M,2009,9.57,12.88,18.22,22.45,30.01,30.84,31.36,32.01,28.21,21.41,15.23,10.83,
T2M,2010,10.86,12.43,20.81,26.25,29.86,31.53,30.51,27.55,25.37,22.86,15.84,10.57,
T2M,2011,9.21,11.04,18.23,22.71,31.08,33.04,31.29,29.7,26,22.19,17.7,10.88,
T2M,2012,7.26,9.15,16.73,22.37,28.28,32.08,32.31,30.26,25.06,20.72,15.69,11.11,
T2M,2013,9.22,10.66,17.15,21.56,28.69,31.65,31.94,29.47,27.7,22.92,15.39,10.86,
T2M,2014,9.26,10.1,15.65,22.51,26.73,33.15,32.28,30.88,27.56,21.9,15.99,10.99,
T2M,2015,9.36,12.62,15.3,23.75,28.99,30.65,30.58,29.88,26.98,22.38,15.57,11.33,
T2M,2016,11.16,13.12,17.61,23.64,30.56,33.07,31.83,29.11,28.18,22.73,17.28,14.58,
T2M,2017,8.38,12.61,17.93,25.92,29.74,31.15,31.18,30.79,27.26,22.96,15.24,11.06,
T2M,2018,10.55,13.09,19.58,24.92,28.56,32.3,32.3,31.83,27.68,21.29,16.74,10.74,
T2M,2019,8.56,8.8,14.18,22.65,27.33,31.18,32.65,29.84,29.42,21.76,14.33,10.08,
T2M,2020,6.65,12.22,13.19,19.47,24.51,26.76,28.66,28.53,24.78,20.46,13.72,9.83,
T2M,2021,9.85,15.21,19.4,22.58,27.4,30.69,31.04,29.99,26.76,22.44,16.23,10.87,
T2M_MAX,1981,20.77,24.86,32.65,38.9,43.8,45.24,41.47,39.26,38.79,32.84,29.49,22.65,45.24
T2M_MAX,1982,21.73,19.08,27.16,31.65,35.52,42.54,41.94,40.73,38.59,34.73,30.43,19.8,42.54
T2M_MAX,1983,20.25,22.92,27.46,35.24,39.07,43.6,40.9,40.15,39.12,36.35,29.65,23.18,43.6
T2M_MAX,1984,19.08,23.08,35.17,36.54,43.79,44.4,39.52,37.74,35.07,32.98,27.22,25.04,44.4
T2M_MAX,1985,22.41,29.87,32.54,38.26,42.08,43.54,40.67,40.19,39.86,37.42,29.3,24.5,43.54
T2M_MAX,1986,20.66,23.83,27.35,37.96,41.32,45.65,43.32,40.09,39.22,36.27,29.98,25.94,45.65
T2M_MAX,1987,25.84,25.37,27.83,39.26,39.63,44.3,44.2,42.83,41.12,35.75,31.85,25.31,44.3
T2M_MAX,1988,23.46,26.38,30.49,38.49,43.94,43.98,42.97,39.65,41.76,34.92,30.69,25.16,43.98
T2M_MAX,1989,21.82,22.79,26.87,34.2,42.3,42.9,42.12,39.44,38.46,36.3,28.94,24.19,42.9
T2M_MAX,1990,23.43,23.15,32.49,35.7,43.26,42.71,42.12,39.82,38.89,36.33,29.07,23.96,43.26
T2M_MAX,1991,23.26,22.33,33.25,37.08,41.14,44.98,43.62,41.66,40.41,33.09,29.63,24.24,44.98
T2M_MAX,1992,22.26,25.05,27.58,34.95,40.05,43.35,42.23,37.87,36.52,33.8,30.43,24.84,43.35
T2M_MAX,1993,21.49,28.26,27.94,38.53,43.07,43.31,40.98,40.6,37.19,37.17,31.36,25.9,43.31
T2M_MAX,1994,23.15,22.67,31.51,38.36,41.65,44.21,40.58,41.61,36.91,33.71,29.25,25.72,44.21
T2M_MAX,1995,21.65,25.87,29.13,33.05,41.01,44.01,43.97,41.39,38.51,36.19,31.24,21.51,44.01
T2M_MAX,1996,23.13,24.96,32.94,38.04,40.44,42.62,42.07,40.01,39.3,35.19,32.58,24.72,42.62
T2M_MAX,1997,22.4,30.33,27.84,34.82,40.2,43.43,42.41,40.81,39.58,33.29,27.23,20.78,43.43
T2M_MAX,1998,20.76,25.45,32.76,38.03,42.97,40.26,40.76,41.88,38.2,36.62,29.33,29.61,42.97
T2M_MAX,1999,22.55,24.83,34.29,39.82,40.32,44.19,42.54,40.52,39.87,33.71,31.2,25.74,44.19
T2M_MAX,2000,25.71,26.25,31.27,39.12,44.24,42.85,43.17,42.33,40.48,35.67,29.97,24.61,44.24
T2M_MAX,2001,21.55,25.01,31.11,39.43,43.37,41.8,40.63,41.79,39.8,35.69,31.98,26.08,43.37
T2M_MAX,2002,23.64,24.13,32.66,38.29,43.62,44.26,43.51,41.45,37.79,34.9,29.42,24.05,44.26
T2M_MAX,2003,22.31,24.81,30.86,37.56,39.76,44.49,39.91,39.35,39.13,36.04,30.4,27.55,44.49
T2M_MAX,2004,25.17,29.09,34.18,37.9,42.76,42.1,42.14,40.26,40.23,34.38,29.43,25.94,42.76
T2M_MAX,2005,19.81,20.8,30.26,35.78,37.97,44.21,41.5,40.98,38.92,36.25,27.51,24.01,44.21
T2M_MAX,2006,22.92,27.87,31.9,38.79,42.84,40.51,43.48,39.09,37.98,37.38,29.54,22.68,43.48
T2M_MAX,2007,23.44,25.46,32.46,39.5,41.5,45.27,39.55,40.56,39.2,33.32,32.04,23.44,45.27
T2M_MAX,2008,17.97,30.26,32.11,37.28,40.87,41.74,42.67,39.13,38.05,36.21,31.89,25.99,42.67
T2M_MAX,2009,21.35,26.28,29.98,38.42,41.98,42.61,42.58,41.83,39.34,36.22,29.45,22.7,42.61
T2M_MAX,2010,24.3,26.68,36.14,38.88,44.09,43.59,42.58,37.98,36.4,35.38,30.65,24.25,44.09
T2M_MAX,2011,21.47,24.21,33.73,38.18,41.83,42.62,40.65,40.8,35.16,36.86,29.18,27.58,42.62
T2M_MAX,2012,18.58,25.15,33.82,33.7,41.34,42.23,43.11,40.75,37.09,33.9,27.51,24.8,43.11
T2M_MAX,2013,22.64,21.92,29.33,34.39,42.19,42.37,40.97,40.05,37.55,35.09,26.84,28.03,42.37
T2M_MAX,2014,21.85,22.97,29.28,38.12,41.53,43.64,42.3,41.9,37.05,36.3,27.1,24.81,43.64
T2M_MAX,2015,24.79,26.68,32.23,37.73,39.94,40.9,42.43,40.82,37.52,35.83,26.94,28.77,42.43
T2M_MAX,2016,22.98,29.39,31.72,38.11,42.91,42.86,42.71,37.98,38.09,35.48,30.56,27.56,42.91
T2M_MAX,2017,21.65,25.23,34.03,40.01,41.81,43.55,41.05,41.2,37.1,36.3,30.4,24.17,43.55
T2M_MAX,2018,23.55,26.32,36.08,39.66,42.09,43.94,42.23,41.4,39.01,33.59,28.91,26.16,43.94
T2M_MAX,2019,23.9,20.87,31.05,34.96,40.82,42.15,43.68,41.54,40.93,33.26,27.96,23.05,43.68
T2M_MAX,2020,18.85,28.33,24.74,30.78,37.97,37.23,39.25,41.07,35.63,33.49,28.12,26.87,41.07
T2M_MAX,2021,24.41,28.32,33.69,36.91,40.44,42.92,41.17,40.21,36.94,35.45,28.38,23.24,42.92
T2M_MIN,1981,-1.22,-1.3,3.83,7.93,16.23,19.43,21.14,20.37,15.68,9.48,3.65,2.67,-1.3
T2M_MIN,1982,-2.58,-2.37,-0.63,7.35,11.6,15.94,22.15,19.26,14.26,7.58,2.97,0.39,-2.58
T2M_MIN,1983,-2.42,-1.7,2.61,6.48,13.41,20.01,20.89,21.48,15.26,8.2,5.57,-1.61,-2.42
T2M_MIN,1984,-1.65,-4.25,5.69,10.7,17.06,22.82,21.7,20.55,13.49,6.38,4,-2.27,-4.25
T2M_MIN,1985,-2.31,2.46,6.92,10.73,16.59,22.8,21.69,21.06,17.05,9.1,4.95,-1.05,-2.31
T2M_MIN,1986,-1.42,1.19,2.08,6.9,13.16,17.44,21.43,20.94,17.22,8.69,3.11,-2.32,-2.32
T2M_MIN,1987,0.73,1.23,7.03,9.33,11,21.27,23.58,22.07,17.01,9.52,6.3,-0.57,-0.57
T2M_MIN,1988,-0.81,1.04,3.66,9.46,17.63,21.46,22.22,20.66,15.45,11.3,2.89,1.24,-0.81
T2M_MIN,1989,-1.52,-1.02,3.38,5.19,10.66,21.38,19.72,19.44,14.83,9.95,4.8,-0.61,-1.52
T2M_MIN,1990,0.8,-0.37,0.33,7.98,16.35,21.31,24.41,21.37,17.87,8.59,5.26,-2.6,-2.6
T2M_MIN,1991,-2.17,-2.66,4.5,8.07,15.05,20.78,24.6,21.02,9.87,9.63,3.16,0.18,-2.66
T2M_MIN,1992,-0.61,-0.39,2.45,7.28,13.75,16.06,21.46,18.46,14.23,10.37,3.84,2.46,-0.61
T2M_MIN,1993,-3.46,2.36,2.8,8.6,14.87,18.12,19.82,20.4,17.79,9.5,5.49,3.44,-3.46
T2M_MIN,1994,-1.04,-1.06,5.05,3.6,14.37,20.47,22.78,22.21,13.15,9.34,6.73,-0.69,-1.06
T2M_MIN,1995,-2.04,-1.49,0.72,6.6,14.26,21.01,21.18,21.55,16.16,9.6,0.12,0.87,-2.04
T2M_MIN,1996,-2.48,2.3,6.23,8.68,13.58,19.76,21.08,21.06,17.84,8.91,3.13,0.27,-2.48
T2M_MIN,1997,-2.76,-1.66,4.25,7.65,11.98,19.96,22.23,20.35,16.45,8.77,2.85,-2.35,-2.76
T2M_MIN,1998,-2.09,-0.7,2.55,11.58,13.5,17.98,23.74,22.21,17.16,10.13,6.82,4.84,-2.09
T2M_MIN,1999,-0.38,-0.94,4.18,9.89,17.08,18.14,22.94,21.3,18.69,13.34,7.42,3.44,-0.94
T2M_MIN,2000,-2.94,-1.92,2.01,9.73,20.61,22.19,21.62,23.15,15.74,11.68,3.36,2.55,-2.94
T2M_MIN,2001,-0.8,-1.09,3.95,9.77,19.6,22.47,22.43,21.68,16.4,12.15,5.69,2.41,-1.09
T2M_MIN,2002,-1.1,-2.11,3.15,11.58,18.98,19.74,22.4,22.1,17.34,11.42,5.48,0.43,-2.11
T2M_MIN,2003,1.04,1.1,0.16,10.36,11.49,21.1,22.06,22.7,15.13,11.4,2.5,0.07,0.07
T2M_MIN,2004,-1.42,-1.35,7.51,13.16,12.56,22.37,22.94,19.92,15.9,8.12,4.48,0.23,-1.42
T2M_MIN,2005,-1.32,-2.84,6.36,5.95,14.12,20.74,23.46,20.4,16.95,10.43,1.54,0.34,-2.84
T2M_MIN,2006,-2.26,5.55,3.75,8.08,18.89,21.26,22.4,21.37,15.94,13.06,1.99,-1.36,-2.26
T2M_MIN,2007,-2.06,1.95,2.02,8.2,18.62,22.02,22.55,22.3,14.33,11.01,6.35,-0.55,-2.06
T2M_MIN,2008,-3.79,-2.92,8.63,10.42,18.42,23.39,22.85,21.73,16.28,12.42,4.21,1.01,-3.79
T2M_MIN,2009,-0.63,1.37,7.97,8.91,15.18,18.38,22.63,22.81,17.74,9.59,3.51,1.8,-0.63
T2M_MIN,2010,1.53,-1.08,5.12,13.48,17.74,18.73,22.32,18.74,14.25,11.41,4.4,1.15,-1.08
T2M_MIN,2011,-0.34,1.51,4.47,9.8,18.43,20.45,23.51,22.31,17.05,9.98,7.73,-1.03,-1.03
T2M_MIN,2012,-2.12,-2.86,2.05,12.02,14.15,21.03,24.01,21.8,14.57,8.72,3.83,-0.64,-2.86
T2M_MIN,2013,-1.24,1.29,4.32,10.23,12.84,19.92,23.78,19.96,18.19,9.39,5.93,-2.7,-2.7
T2M_MIN,2014,-2.85,-1.7,2.71,9.12,14.36,21.41,21.81,21.73,18.06,9.94,5.98,1.46,-2.85
T2M_MIN,2015,-1.64,1.51,1.59,9.54,15.3,19.81,22.72,20.3,15.73,9.54,5.32,0.15,-1.64
T2M_MIN,2016,0.87,1.12,7.29,11.5,16.69,23.99,23.51,21.05,19.21,11.53,7.7,3.87,0.87
T2M_MIN,2017,-2.15,-0.24,1.98,9.51,17.96,22.22,22.67,21.18,16.98,11.3,4.04,-0.41,-2.15
T2M_MIN,2018,0.8,1.45,7.53,9.53,17.08,22.04,23.1,22.87,17.55,10.88,6.23,1.03,0.8
T2M_MIN,2019,-1.7,-0.96,2.28,10.81,14.57,20.94,23.36,21.3,20.58,13.13,3.54,0.19,-1.7
T2M_MIN,2020,-1.88,0.25,2.24,5.89,13.19,17.08,21.35,19.48,13.84,8.84,2.26,-2.11,-2.11
T2M_MIN,2021,0.24,2.49,5.94,9.85,17.21,20.51,22.78,21.57,19,10.72,6.73,-0.26,-0.26
T2M_RANGE,1981,21.99,26.16,28.81,30.98,27.57,25.81,20.33,18.88,23.11,23.36,25.84,19.98,46.54
T2M_RANGE,1982,24.3,21.45,27.8,24.3,23.92,26.6,19.8,21.47,24.33,27.14,27.46,19.41,45.12
T2M_RANGE,1983,22.67,24.62,24.85,28.76,25.66,23.59,20.02,18.67,23.87,28.15,24.08,24.79,46.02
T2M_RANGE,1984,20.73,27.34,29.48,25.84,26.73,21.58,17.82,17.19,21.58,26.6,23.22,27.3,48.65
T2M_RANGE,1985,24.73,27.41,25.62,27.54,25.49,20.73,18.98,19.13,22.8,28.32,24.34,25.55,45.85
T2M_RANGE,1986,22.09,22.65,25.27,31.05,28.16,28.2,21.89,19.15,22,27.59,26.88,28.27,47.97
T2M_RANGE,1987,25.12,24.14,20.8,29.94,28.63,23.02,20.62,20.76,24.12,26.23,25.55,25.88,44.87
T2M_RANGE,1988,24.27,25.34,26.83,29.03,26.3,22.52,20.75,18.99,26.31,23.62,27.8,23.92,44.79
T2M_RANGE,1989,23.34,23.8,23.48,29.01,31.63,21.52,22.41,20,23.63,26.34,24.14,24.8,44.41
T2M_RANGE,1990,22.62,23.52,32.16,27.72,26.91,21.4,17.71,18.45,21.02,27.73,23.81,26.55,45.86
T2M_RANGE,1991,25.43,24.99,28.75,29.02,26.09,24.2,19.02,20.64,30.54,23.46,26.47,24.06,47.64
T2M_RANGE,1992,22.88,25.45,25.13,27.67,26.3,27.29,20.77,19.41,22.29,23.43,26.59,22.38,43.96
T2M_RANGE,1993,24.95,25.91,25.14,29.93,28.2,25.2,21.16,20.2,19.4,27.67,25.87,22.46,46.77
T2M_RANGE,1994,24.19,23.73,26.47,34.76,27.29,23.74,17.8,19.4,23.77,24.37,22.52,26.41,45.27
T2M_RANGE,1995,23.69,27.37,28.41,26.45,26.75,22.99,22.79,19.84,22.34,26.59,31.12,20.65,46.05
T2M_RANGE,1996,25.61,22.66,26.72,29.36,26.85,22.86,20.99,18.95,21.46,26.28,29.45,24.45,45.09
T2M_RANGE,1997,25.16,31.99,23.59,27.17,28.23,23.47,20.18,20.46,23.12,24.52,24.38,23.12,46.19
T2M_RANGE,1998,22.85,26.16,30.22,26.45,29.47,22.27,17.02,19.67,21.04,26.48,22.52,24.77,45.05
T2M_RANGE,1999,22.92,25.77,30.11,29.93,23.24,26.05,19.6,19.23,21.18,20.37,23.78,22.3,45.13
T2M_RANGE,2000,28.65,28.16,29.26,29.39,23.63,20.66,21.55,19.18,24.73,23.99,26.61,22.06,47.18
T2M_RANGE,2001,22.34,26.1,27.16,29.66,23.77,19.33,18.2,20.11,23.4,23.53,26.3,23.67,44.46
T2M_RANGE,2002,24.73,26.24,29.52,26.71,24.64,24.52,21.1,19.35,20.45,23.48,23.95,23.62,46.37
T2M_RANGE,2003,21.27,23.71,30.7,27.2,28.27,23.39,17.85,16.65,24,24.63,27.91,27.48,44.42
T2M_RANGE,2004,26.59,30.45,26.67,24.74,30.2,19.73,19.2,20.34,24.34,26.26,24.95,25.71,44.19
T2M_RANGE,2005,21.13,23.64,23.91,29.83,23.85,23.47,18.04,20.59,21.97,25.82,25.97,23.67,47.05
T2M_RANGE,2006,25.18,22.32,28.15,30.7,23.95,19.25,21.09,17.73,22.03,24.32,27.55,24.04,45.74
T2M_RANGE,2007,25.49,23.51,30.44,31.3,22.88,23.25,16.99,18.26,24.87,22.3,25.69,23.98,47.33
T2M_RANGE,2008,21.76,33.18,23.48,26.86,22.45,18.35,19.82,17.4,21.77,23.79,27.68,24.98,46.46
T2M_RANGE,2009,21.98,24.91,22.01,29.51,26.8,24.23,19.95,19.02,21.6,26.62,25.94,20.91,43.23
T2M_RANGE,2010,22.77,27.76,31.02,25.4,26.35,24.86,20.26,19.24,22.15,23.97,26.26,23.1,45.17
T2M_RANGE,2011,21.8,22.7,29.27,28.38,23.41,22.16,17.14,18.49,18.11,26.88,21.45,28.61,43.65
T2M_RANGE,2012,20.7,28.02,31.77,21.68,27.19,21.2,19.09,18.95,22.52,25.19,23.68,25.44,45.97
T2M_RANGE,2013,23.88,20.63,25.01,24.16,29.34,22.45,17.19,20.09,19.35,25.7,20.91,30.73,45.07
T2M_RANGE,2014,24.7,24.67,26.57,29,27.17,22.23,20.48,20.17,18.99,26.36,21.12,23.35,46.49
T2M_RANGE,2015,26.43,25.16,30.64,28.2,24.64,21.09,19.71,20.52,21.79,26.3,21.62,28.62,44.07
T2M_RANGE,2016,22.1,28.27,24.43,26.61,26.22,18.87,19.2,16.93,18.88,23.95,22.86,23.7,42.04
T2M_RANGE,2017,23.8,25.47,32.05,30.49,23.85,21.34,18.38,20.02,20.12,25,26.37,24.58,45.7
T2M_RANGE,2018,22.74,24.87,28.55,30.13,25.02,21.9,19.13,18.53,21.46,22.71,22.69,25.13,43.13
T2M_RANGE,2019,25.6,21.84,28.77,24.15,26.25,21.22,20.32,20.23,20.34,20.12,24.42,22.85,45.38
T2M_RANGE,2020,20.73,28.09,22.5,24.89,24.78,20.15,17.9,21.59,21.79,24.65,25.85,28.98,43.18
T2M_RANGE,2021,24.17,25.83,27.76,27.06,23.23,22.41,18.39,18.64,17.94,24.73,21.66,23.5,43.18
PRECTOTCORR,1981,0.57,0.96,1.12,0.31,1.2,0.07,4.37,1.16,0.28,0.24,0.23,0.04,0.89
PRECTOTCORR,1982,1.97,3.72,3.17,2.38,2.46,0.01,0.94,3.25,0.01,0.8,0.27,1.81,1.73
PRECTOTCORR,1983,0.11,0.7,0.38,2.33,0.7,0,2.02,1.46,1.41,0,0,0.22,0.78
PRECTOTCORR,1984,0.21,0.17,0.36,0.45,0,0.52,2.61,5.5,1.08,0,0.01,0.1,0.93
PRECTOTCORR,1985,0.09,0.1,0.3,0.73,0.19,0.73,1.41,1.37,0,0.09,0.05,0.23,0.45
PRECTOTCORR,1986,0.03,0.38,1.45,0.21,0.33,0.45,0.69,0.62,0,0.04,0.13,0.02,0.36
PRECTOTCORR,1987,0.06,0.71,1.11,0.19,0.57,0.26,0.76,2.38,0,0,0,0.01,0.51
PRECTOTCORR,1988,0.32,0.11,1.27,0.12,0.03,0.63,1.39,0.99,0.3,0.01,0.07,0.28,0.46
PRECTOTCORR,1989,0.23,0.07,2.13,0.16,0.04,0.64,1.28,1.6,0.23,0,0.07,0.47,0.58
PRECTOTCORR,1990,0.38,0.88,0.55,1.33,0.5,0.86,0.47,2.25,0.21,0.01,0,0.1,0.63
PRECTOTCORR,1991,0,0.42,0.22,0.56,0.02,0.01,0.31,0.86,0.78,0.06,0.01,0.09,0.28
PRECTOTCORR,1992,0.7,0.66,0.88,1.07,0.78,0.38,2.05,3.14,1.88,0.42,0.14,0.22,1.03
PRECTOTCORR,1993,0.78,0.15,0.52,0.34,0.52,1.72,3,0.99,0.73,0,0,0,0.73
PRECTOTCORR,1994,0.05,1.02,0.38,1.01,0.2,0.12,1.42,0.57,0.97,0.1,0,0.23,0.5
PRECTOTCORR,1995,0.17,1.2,0.6,1.59,0.06,0.24,1.29,1.01,0.66,0.13,0,0.09,0.58
PRECTOTCORR,1996,0.1,0.3,0.32,1.21,0.19,0.2,1.43,0.53,0.19,0.2,0.01,0.04,0.39
PRECTOTCORR,1997,0.42,0.01,1.21,0.87,0.26,1.61,0.93,0.13,0,0.8,0.24,0.28,0.57
PRECTOTCORR,1998,0.05,0.51,0.15,0.04,0.33,2.13,1.68,0.88,0.22,0.15,0,0,0.51
PRECTOTCORR,1999,1.1,1.02,0.37,0,0.19,0.25,0.94,0.86,0.43,0,0,0,0.43
PRECTOTCORR,2000,0.36,0.11,0.28,0.01,0.16,0.04,1.73,0.26,0.08,0,0.03,0.19,0.27
PRECTOTCORR,2001,0.46,0.23,0.36,0.84,0.23,0.99,1.23,0.16,1.15,0,0,0.26,0.49
PRECTOTCORR,2002,0,0.47,0.49,0.44,0.46,0.79,0.26,0.07,0.18,0.1,0.31,0.07,0.3
PRECTOTCORR,2003,0.13,0.6,0.24,0.15,0.08,0.27,1.46,1.19,0.29,0,0.01,0,0.37
PRECTOTCORR,2004,0.38,0.07,0,0.19,0.23,0.83,0.3,1.49,0.71,0.31,0.07,0.48,0.42
PRECTOTCORR,2005,0.13,0.8,1.21,0.24,0.55,0.24,1.6,0.39,0.4,0,0,0,0.46
PRECTOTCORR,2006,0.07,0.16,0.62,0.12,0.12,0.72,1.35,0.61,0.28,0.06,0.88,0.65,0.47
PRECTOTCORR,2007,0.03,1.83,0.86,0.04,0.23,2.37,1.44,0.32,0.34,0,0.05,0.19,0.63
PRECTOTCORR,2008,0.4,0.3,0.06,0.53,0.1,1.38,1.95,0.46,0.29,0.01,0,0.61,0.51
PRECTOTCORR,2009,0.42,0.27,0.37,0.52,0.02,0.02,1.73,0.3,0.2,0.08,0,0.07,0.33
PRECTOTCORR,2010,0.04,0.06,0.61,0.11,0.05,0.13,2.07,2.33,0.97,0,0,0,0.54
PRECTOTCORR,2011,0.09,0.25,0.06,0.11,0.11,0.05,0.96,0.58,0.83,0.05,0.08,0,0.26
PRECTOTCORR,2012,0.12,0.02,0.11,0.56,0.06,0.02,0.8,0.83,1.41,0.02,0,0.13,0.34
PRECTOTCORR,2013,0.03,1.39,0.61,0.97,0.04,1.14,0.61,0.83,0.05,0.11,0.12,0,0.48
PRECTOTCORR,2014,0,0.06,0.38,0.36,0.52,0.1,0.76,0.3,0.36,0.16,0.12,0,0.26
PRECTOTCORR,2015,0.12,0.78,0.97,0.38,0.16,0.55,1.71,0.82,0.08,0.09,0.08,0.07,0.49
PRECTOTCORR,2016,0.08,0.02,0.79,0.46,0.12,0.11,2.06,0.98,0.11,0,0,0,0.4
PRECTOTCORR,2017,0.74,0.26,0.06,0.15,0.03,1.24,0.91,0.82,0.03,0,0.4,0.09,0.4
PRECTOTCORR,2018,0.01,0.36,0.3,0.06,0.14,0.53,0.81,0.09,0.44,0,0.01,0.28,0.25
PRECTOTCORR,2019,0.84,0.58,1.74,1.93,0.27,1.35,1.02,1.74,0.19,0.41,0.78,0.08,0.91
PRECTOTCORR,2020,1.09,3.05,15.98,2.17,5.43,8.1,3.11,3.42,0.42,5.87,0.23,0.45,4.13
PRECTOTCORR,2021,0,0,0.85,0.68,1.26,1.64,2.28,2.26,1.45,0.04,0,0.07,0.88
PRECTOTCORR_SUM,1981,10.55,21.09,26.37,10.55,31.64,0,126.56,26.37,5.27,5.27,10.55,0,274.22
PRECTOTCORR_SUM,1982,58.01,105.47,94.92,68.55,79.1,0,26.37,89.65,0,21.09,5.27,52.73,601.17
PRECTOTCORR_SUM,1983,0,15.82,10.55,68.55,15.82,0,58.01,31.64,42.19,0,0,0,242.58
PRECTOTCORR_SUM,1984,5.27,5.27,10.55,10.55,0,15.82,73.83,168.75,26.37,0,0,0,316.41
PRECTOTCORR_SUM,1985,0,5.27,10.55,21.09,5.27,15.82,31.64,42.19,0,0,0,5.27,137.11
PRECTOTCORR_SUM,1986,0,10.55,42.19,0,10.55,15.82,21.09,15.82,0,0,5.27,0,121.29
PRECTOTCORR_SUM,1987,0,15.82,26.37,5.27,10.55,5.27,10.55,68.55,0,0,0,0,142.38
PRECTOTCORR_SUM,1988,5.27,0,36.91,0,0,15.82,42.19,26.37,5.27,0,0,5.27,137.11
PRECTOTCORR_SUM,1989,5.27,0,58.01,0,0,21.09,36.91,36.91,5.27,0,0,10.55,174.02
PRECTOTCORR_SUM,1990,10.55,15.82,10.55,36.91,10.55,21.09,15.82,68.55,0,0,0,5.27,195.12
PRECTOTCORR_SUM,1991,0,10.55,5.27,15.82,0,0,10.55,21.09,21.09,0,0,0,84.38
PRECTOTCORR_SUM,1992,10.55,15.82,21.09,21.09,21.09,10.55,68.55,94.92,52.73,10.55,0,0,326.95
PRECTOTCORR_SUM,1993,26.37,5.27,15.82,10.55,10.55,58.01,84.38,26.37,15.82,0,0,0,253.12
PRECTOTCORR_SUM,1994,0,26.37,10.55,31.64,5.27,0,42.19,5.27,21.09,0,0,0,142.38
PRECTOTCORR_SUM,1995,5.27,31.64,10.55,47.46,0,10.55,36.91,21.09,21.09,0,0,0,184.57
PRECTOTCORR_SUM,1996,0,5.27,0,36.91,0,0,36.91,10.55,5.27,5.27,0,0,100.2
PRECTOTCORR_SUM,1997,10.55,0,31.64,21.09,5.27,42.19,26.37,0,0,21.09,5.27,5.27,168.75
PRECTOTCORR_SUM,1998,0,15.82,0,0,10.55,58.01,42.19,21.09,0,5.27,0,0,152.93
PRECTOTCORR_SUM,1999,36.91,26.37,10.55,0,5.27,5.27,21.09,21.09,10.55,0,0,0,137.11
PRECTOTCORR_SUM,2000,5.27,0,10.55,0,5.27,0,47.46,5.27,0,0,0,5.27,79.1
PRECTOTCORR_SUM,2001,15.82,5.27,5.27,15.82,0,10.55,26.37,0,31.64,0,0,5.27,116.02
PRECTOTCORR_SUM,2002,0,10.55,15.82,15.82,15.82,15.82,5.27,0,0,0,5.27,0,84.38
PRECTOTCORR_SUM,2003,0,10.55,0,0,0,5.27,42.19,21.09,5.27,0,0,0,84.38
PRECTOTCORR_SUM,2004,10.55,0,0,0,0,10.55,10.55,36.91,15.82,5.27,0,10.55,100.2
PRECTOTCORR_SUM,2005,0,21.09,26.37,5.27,21.09,10.55,47.46,5.27,5.27,0,0,0,142.38
PRECTOTCORR_SUM,2006,0,5.27,10.55,0,0,15.82,36.91,10.55,5.27,0,21.09,10.55,116.02
PRECTOTCORR_SUM,2007,0,42.19,21.09,0,5.27,68.55,36.91,5.27,5.27,0,0,0,184.57
PRECTOTCORR_SUM,2008,10.55,10.55,0,10.55,0,42.19,52.73,5.27,5.27,0,0,15.82,152.93
PRECTOTCORR_SUM,2009,5.27,5.27,10.55,5.27,0,0,47.46,5.27,10.55,0,0,0,89.65
PRECTOTCORR_SUM,2010,0,0,15.82,0,0,5.27,52.73,68.55,26.37,0,0,0,168.75
PRECTOTCORR_SUM,2011,0,5.27,0,0,0,0,21.09,15.82,15.82,0,0,0,58.01
PRECTOTCORR_SUM,2012,0,0,0,5.27,0,0,15.82,21.09,31.64,0,0,0,73.83
PRECTOTCORR_SUM,2013,0,31.64,10.55,21.09,0,31.64,21.09,26.37,0,0,0,0,142.38
PRECTOTCORR_SUM,2014,0,0,5.27,5.27,10.55,0,21.09,5.27,10.55,5.27,0,0,63.28
PRECTOTCORR_SUM,2015,5.27,15.82,21.09,5.27,0,10.55,42.19,21.09,0,0,0,0,121.29
PRECTOTCORR_SUM,2016,0,0,21.09,0,0,0,58.01,31.64,0,0,0,0,110.74
PRECTOTCORR_SUM,2017,26.37,5.27,0,5.27,0,31.64,15.82,21.09,0,0,10.55,0,116.02
PRECTOTCORR_SUM,2018,0,10.55,5.27,0,0,15.82,21.09,0,10.55,0,0,5.27,68.55
PRECTOTCORR_SUM,2019,21.09,10.55,52.73,52.73,0,36.91,26.37,47.46,5.27,5.27,26.37,0,284.77
PRECTOTCORR_SUM,2020,31.64,89.65,495.7,58.01,163.48,237.3,89.65,94.92,10.55,179.3,5.27,10.55,1466.02
PRECTOTCORR_SUM,2021,0,0,26.37,20.31,39.03,49.3,70.68,70.2,43.62,1.18,0,2.17,322.86
